<?xml version="1.0" ?>
<manifest xmlns="http://www.imsglobal.org/xsd/imscp_v1p1" xmlns:adlcp="http://www.adlnet.org/xsd/adlcp_v1p3" xmlns:adlseq="http://www.adlnet.org/xsd/adlseq_v1p3" xmlns:adlnav="http://www.adlnet.org/xsd/adlnav_v1p3" xmlns:imsss="http://www.imsglobal.org/xsd/imsss" xmlns:xsi="http://www.w3.org/2001/XMLSchema-instance" identifier="MANIFEST-54a7c9d6-f883-4267-9e2a-973b200b4acb" version="1.0" xsi:schemaLocation="http://www.imsglobal.org/xsd/imscp_v1p1 imscp_v1p1.xsd http://www.adlnet.org/xsd/adlcp_v1p3 adlcp_v1p3.xsd http://www.adlnet.org/xsd/adlseq_v1p3 adlseq_v1p3.xsd http://www.adlnet.org/xsd/adlnav_v1p3 adlnav_v1p3.xsd http://www.imsglobal.org/xsd/imsss imsss_v1p0.xsd">
  <metadata>
    <schema>ADL SCORM</schema>
    <schemaversion>2004 4th Edition</schemaversion>
  </metadata>
  <organizations default="default_org">
    <organization identifier="default_org">
      <title>q</title>
      <item identifier="item_1" identifierref="resource_1">
        <title>q</title>
      </item>
    </organization>
  </organizations>
  <resources>
    <resource identifier="resource_1" type="webcontent" href="index.html" adlcp:scormType="sco">
      <file href="index.html"/>
      <file href="scorm_api.js"/>
      <file href="resources/index.html"/>
      <file href="resources/images/page1.png"/>
      <file href="resources/images/page2.png"/>
      <file href="resources/images/page3.png"/>
      <file href="resources/images/page4.png"/>
      <file href="resources/images/page5.png"/>
      <file href="resources/images/page6.png"/>
      <file href="resources/images/page7.png"/>
      <file href="resources/images/page8.png"/>
      <file href="resources/images/page9.png"/>
      <file href="resources/images/page10.png"/>
      <file href="resources/images/page11.png"/>
      <file href="resources/images/page12.png"/>
    </resource>
  </resources>
</manifest>
